Name,Category,TierTarget,ContactOwner,Status,Notes
TI MedTech,Anchor (logo + in-kind),$0 cash assumed - not a cash tier,"Kashaf, Aleeya, Dr Irwan/Tita",Pending scope call,See 01_TI_MedTech_Partnership_Clarification.md
IBM,Enterprise,"Gold/Platinum - upside only, not required","Kashaf, Aleeya (Leon to introduce if willing)",Not yet contacted,Possible Leon connection
Other enterprise contacts (if any from Leon),Enterprise,Gold/Silver,"Kashaf, Aleeya",To be identified,After checking in with Leon
RMIT clubs/student societies,Local/in-kind,Silver/in-kind,"Kashaf, Aleeya",Not yet contacted,
Melbourne Uni tech club,Local,Silver,"Kashaf, Aleeya",Not yet contacted,
Monash tech club,Local,Silver,"Kashaf, Aleeya",Not yet contacted,
Swinburne tech club,Local,Silver,"Kashaf, Aleeya",Not yet contacted,
Local Melbourne tech firms,Local,Silver,"Kashaf, Aleeya",Not yet contacted,
Startup accelerators/mentor networks,In-kind (mentors),In-kind,"Kashaf, Aleeya",Sourced directly,Leon connects us if he has a direct contact
